{"cameraMode":{"drawMode":0,"name":"Shaded","section":"Shading Mode"},"sceneLighting":true,"audioPlay":false,"sceneViewState":{"m_AlwaysRefresh":false,"showFog":true,"showSkybox":true,"showFlares":true,"showImageEffects":true,"showParticleSystems":true,"showVisualEffectGraphs":true,"m_FxEnabled":true},"in2DMode":false,"pivot":{"x":-0.8975629806518555,"y":1.7021381855010987,"z":-0.6202816963195801},"rotation":{"x":-0.030425220727920533,"y":0.9046235680580139,"z":-0.06552771478891373,"w":-0.4200354814529419},"size":3.3052215576171877,"orthographic":false}